Kueri teratas,Klik,Tayangan,CTR,Posisi
neon box malang,0,446,0%,18.15
huruf timbul akrilik malang,0,79,0%,45.3
neon flex malang,0,61,0%,10.21
huruf timbul solo,0,43,0%,1.23
smk telkom malang,0,38,0%,9.42
neon box wedding organizer,0,23,0%,45
gambar smk telkom malang,0,22,0%,3.45
neon box terdekat,0,22,0%,8.95
huruf timbul,0,18,0%,11.17
huruf timbul malang,0,17,0%,6.71
malang pariwara,0,15,0%,7.87
neon box,0,13,0%,10.92
papan nama akrilik,0,11,0%,6.27
akrilik malang,0,11,0%,35.73
papan nama toko,0,10,0%,4.2
service neon box terdekat,0,8,0%,10
huruf timbul akrilik,0,7,0%,6.71
papan nama terdekat,0,7,0%,13.29
alamat smk telkom malang,0,7,0%,29.43
gambar pt. dong il metal indonesia,0,6,0%,2
gambar pt.dong il casting,0,6,0%,2
jual akrilik terdekat,0,6,0%,24.5
huruf timbul stainless terdekat,0,5,0%,5.6
tulisan akrilik timbul,0,5,0%,7.4
pembuatan neon box terdekat,0,5,0%,8.2
neon box akrilik,0,5,0%,9.2
star onyx,0,4,0%,1
tukang letter terdekat,0,4,0%,1.5
huruf timbul acrylic led,0,4,0%,4
huruf timbul stainless,0,4,0%,4.25
smk telkom malang foto,0,4,0%,5
signage,0,4,0%,5.75
signage akrilik,0,4,0%,5.75
papan nama,0,4,0%,6.75
pembuatan huruf timbul akrilik,0,4,0%,7.75
jual neon flex terdekat,0,4,0%,8
jasa huruf timbul terdekat,0,4,0%,9.25
neon box akrilik terdekat,0,4,0%,10.5
akrilik,0,4,0%,12.5
papan akrilik malang,0,4,0%,14.75
neonsign,0,4,0%,17
akrilik terdekat,0,4,0%,26
toko akrilik malang,0,4,0%,39.75
signage huruf timbul,0,3,0%,1
signage board,0,3,0%,2.33
toko papan nama akrilik terdekat,0,3,0%,3
sign board toko,0,3,0%,3.33
smk telkom malang photos,0,3,0%,4
sign akrilik,0,3,0%,4.33
sign board,0,3,0%,4.33
huruf timbul terdekat,0,3,0%,4.67
las terdekat,0,3,0%,4.67
neon box harga,0,3,0%,4.67
jual huruf kayu terdekat,0,3,0%,5.33
stiker huruf timbul,0,3,0%,6.67
reklame terdekat,0,3,0%,7
papan nama akrilik timbul,0,3,0%,7.67
neon sign,0,3,0%,8.67
pt dongil casting,0,3,0%,12.67
pt dong il metal indonesia,0,3,0%,13.33
toko akrilik,0,3,0%,35
bikin plang nama toko terdekat,0,2,0%,1
toko kabel terdekat,0,2,0%,1
jual huruf timbul terdekat,0,2,0%,1.5
jual papan nama akrilik terdekat,0,2,0%,2.5
huruf timbul akrilik nyala,0,2,0%,4
huruf timbul neon box,0,2,0%,4.5
papan nama akrilik terdekat,0,2,0%,5
pesan tulisan akrilik,0,2,0%,5
pembuatan papan nama akrilik,0,2,0%,6
akrilik sign,0,2,0%,7.5
buat neon box terdekat,0,2,0%,7.5
papan reklame terdekat,0,2,0%,7.5
akrilik sign board,0,2,0%,10
jasa pembuatan papan nama toko,0,2,0%,10
neon box papan nama,0,2,0%,10
toko papan nama terdekat,0,2,0%,10
toko neon box terdekat,0,2,0%,11
jasa pembuatan neon box terdekat,0,2,0%,12
jual papan akrilik terdekat,0,2,0%,13
pt. dong il metal indonesia,0,2,0%,13
huruf timbul akrilik terdekat,0,2,0%,13.5
toko akrilik terdekat,0,2,0%,14.5
pt dong il metal,0,2,0%,15
reklame malang,0,2,0%,19
jual stand akrilik terdekat,0,2,0%,21
neonbox malang,0,2,0%,32
advertising malang,0,2,0%,80.5
ahli huruf timbul,0,1,0%,1
media las,0,1,0%,1
neon box toko,0,1,0%,1
papan nama kayu terdekat,0,1,0%,1
pesan papan nama akrilik,0,1,0%,1
cetak huruf timbul,0,1,0%,2
jual akrilik terdekat buka sekarang,0,1,0%,2
jual papan nama,0,1,0%,2
produsen,0,1,0%,2
tempat bikin papan nama baju terdekat,0,1,0%,2
toko huruf timbul terdekat,0,1,0%,2
papan nama timbul,0,1,0%,3
papan reklame neon box,0,1,0%,3
papan timbul,0,1,0%,3
pembuatan signage akrilik,0,1,0%,3
plat mobil akrilik timbul,0,1,0%,3
tulisan solo,0,1,0%,3
logo timbul akrilik,0,1,0%,4
signage kayu,0,1,0%,4
papan nama timbul akrilik,0,1,0%,5
reklame,0,1,0%,5
huruf timbul stainless nyala,0,1,0%,6
neon bank,0,1,0%,6
pembuat neon box terdekat,0,1,0%,6
pesan papan nama akrilik terdekat,0,1,0%,6
sign neon,0,1,0%,6
tempat pembuatan papan nama terdekat,0,1,0%,6
toko timbul,0,1,0%,6
akrilik huruf,0,1,0%,7
akrilik papan nama toko,0,1,0%,7
akrilik timbul,0,1,0%,7
akrilik tulisan timbul,0,1,0%,7
gang sign,0,1,0%,7
huruf a kecil,0,1,0%,7
huruf akrilik,0,1,0%,7
jual neon box terdekat,0,1,0%,7
jual papan nama terdekat,0,1,0%,7
neon box huruf timbul,0,1,0%,7
jasa buat neon box terdekat,0,1,0%,8
neon flex,0,1,0%,8
neon sign terdekat,0,1,0%,8
papan reklame toko,0,1,0%,8
buat papan nama toko,0,1,0%,9
jasa akrilik terdekat,0,1,0%,9
jasa pembuatan huruf timbul acrylic,0,1,0%,9
jasa pembuatan papan nama,0,1,0%,9
kanopi terdekat,0,1,0%,9
media farma,0,1,0%,9
neonbox,0,1,0%,9
papan akrilik,0,1,0%,9
papan reklame,0,1,0%,9
pesan neon box terdekat,0,1,0%,9
stt telkom malang,0,1,0%,9
pembuatan name plate terdekat,0,1,0%,10
stm telkom malang,0,1,0%,10
tempat beli akrilik,0,1,0%,10
timbul,0,1,0%,10
neonagin,0,1,0%,11
jasa potong akrilik terdekat,0,1,0%,13
sign.board,0,1,0%,14
advertising neon box,0,1,0%,15
pesan neon box,0,1,0%,15
pt dongil metal,0,1,0%,15
logo smk telkom malang,0,1,0%,16
name tag malang,0,1,0%,17
toko reklame terdekat,0,1,0%,17
jasa perbaikan neon box,0,1,0%,18
toko akrilik lembaran terdekat,0,1,0%,22
jasa pembuatan neonsign,0,1,0%,30
acrylic terdekat,0,1,0%,33
toko safety malang,0,1,0%,37
jual akrilik malang,0,1,0%,38
telkom malang,0,1,0%,49
produksi terdekat,0,1,0%,87